{
  "svm": {
    "accuracy": 0.8813771247075903,
    "precision": 0.8286949885238947,
    "recall": 0.9152418175935533,
    "f1": 0.8722494830284836,
    "roc_auc": 0.9089807883526442
  },
  "bilstm": {
    "accuracy": 0.9088480893780145,
    "precision": 0.9096687426744453,
    "recall": 0.9584496771350128,
    "f1": 0.9155096396044362,
    "roc_auc": 0.9627655696305576
  },
  "bert": {
    "accuracy": 0.9641125015454354,
    "precision": 0.9787888080845524,
    "recall": 0.9841957491143457,
    "f1": 0.9587208240851923,
    "roc_auc": 0.9714445955939958
  }
}